email,first_name,last_name,role
shuqian@intersect.org.au,Shuqian,Hon,manager
alexb@intersect.org.au,Alex,Bradner,manager
marc@intersect.org.au,Marc,Ziani De Ferranti,manager
antoni.piotrowski@sydney.edu.au,Antoni,Piotrowski,manager
khoa.nguyen@sydney.edu.au,Khoa,Nguyen,manager
unapproved1@intersect.org.au,Unapproved,One,
unapproved2@intersect.org.au,Unapproved,Two,
